<?xml version="1.0" encoding="UTF-8"?>
<project-private xmlns="http://www.netbeans.org/ns/project-private/1">
    <editor-bookmarks xmlns="http://www.netbeans.org/ns/editor-bookmarks/2" lastBookmarkId="0"/>
    <open-files xmlns="http://www.netbeans.org/ns/projectui-open-files/2">
        <group>
            <file>file:/C:/Users/moises%20lepesqueur/OneDrive/Documentos/NetBeansProjects/Proyecto_Poo/src/proyecto_poo/Descripcion.java</file>
            <file>file:/C:/Users/moises%20lepesqueur/OneDrive/Documentos/NetBeansProjects/Proyecto_Poo/src/proyecto_poo/BiciHibrida.java</file>
            <file>file:/C:/Users/moises%20lepesqueur/OneDrive/Documentos/NetBeansProjects/Proyecto_Poo/src/proyecto_poo/BiciPlegable.java</file>
            <file>file:/C:/Users/moises%20lepesqueur/OneDrive/Documentos/NetBeansProjects/Proyecto_Poo/src/proyecto_poo/Descrip.java</file>
            <file>file:/C:/Users/moises%20lepesqueur/OneDrive/Documentos/NetBeansProjects/Proyecto_Poo/src/proyecto_poo/Precios.java</file>
            <file>file:/C:/Users/moises%20lepesqueur/OneDrive/Documentos/NetBeansProjects/Proyecto_Poo/src/proyecto_poo/Venta_de_vicis.java</file>
            <file>file:/C:/Users/moises%20lepesqueur/OneDrive/Documentos/NetBeansProjects/Proyecto_Poo/src/proyecto_poo/BiciMontaña.java</file>
        </group>
    </open-files>
</project-private>
